Workbook

Sheet Raw Data
A1: Department | B1: Payer Type | C1: Charges | D1: Reimbursement | E1: Contractual Allowance | F1: Reimbursement Rate (%)
A2: Emergency | B2: Medicaid | C2: 6664.36 | D2: 3665.4 | E2: 2998.96 | F2: 55
A3: Emergency | B3: Medicare | C3: 10956.71 | D3: 7121.86 | E3: 3834.85 | F3: 65
A4: Emergency | B4: Medicare | C4: 10837.12 | D4: 7044.13 | E4: 3792.99 | F4: 65
A5: Emergency | B5: Private Insurance | C5: 13031.55 | D5: 11076.82 | E5: 1954.73 | F5: 85
A6: Emergency | B6: Medicare | C6: 8257.37 | D6: 5367.29 | E6: 2890.08 | F6: 65
A7: Emergency | B7: Medicare | C7: 8424.49 | D7: 5475.92 | E7: 2948.57 | F7: 65
A8: Emergency | B8: Medicare | C8: 2162.35 | D8: 1405.53 | E8: 756.82 | F8: 65
A9: Emergency | B9: Medicare | C9: 12851.11 | D9: 8353.22 | E9: 4497.89 | F9: 65
A10: Emergency | B10: Private Insurance | C10: 8715.86 | D10: 7408.48 | E10: 1307.38 | F10: 85
A11: Emergency | B11: Medicaid | C11: 7772.78 | D11: 4275.03 | E11: 3497.75 | F11: 55
A12: Emergency | B12: Medicaid | C12: 8111.58 | D12: 4461.37 | E12: 3650.21 | F12: 55
A13: Emergency | B13: Medicaid | C13: 11793.16 | D13: 6486.24 | E13: 5306.92 | F13: 55
... A601: General Surgery | B601: Medicaid | C601: 13667.5 | D601: 7517.13 | E601: 6150.37 | F601: 55

Sheet Cost Assumptions
A1: Department | B1: Cost per Encounter
A2: Cardiology | B2: 3200
A3: Emergency | B3: 1500
A4: General Surgery | B4: 4800
A5: Oncology | B5: 3800
A6: Orthopedics | B6: 4600
A7: Pediatrics | B7: 2200

Sheet Payer Mix Summary Table
A3: Row Labels | B3: Avg Charge | C3: Avg Reimb | D3: Encounter Count | E3: Reimb Rate (%)
A4: Medicaid | B4: 9855.0597 | C4: 5420.2829 | D4: 110 | E4: =C4/B4 -> 0.55000001
A5: Cardiology | B5: 10233.159 | C5: 5628.2371 | D5: 17 | E5: =C5/B5 -> 0.54999997
A6: Emergency | B6: 9981.7437 | C6: 5489.9594 | D6: 16 | E6: =C6/B6 -> 0.55000003
A7: General Surgery | B7: 9444.0206 | C7: 5194.2117 | D7: 18 | E7: =C7/B7 -> 0.55000004
A8: Oncology | B8: 10582.127 | C8: 5820.1709 | D8: 22 | E8: =C8/B8 -> 0.55000009
A9: Orthopedics | B9: 9563.23 | C9: 5259.7761 | D9: 23 | E9: =C9/B9 -> 0.54999996
A10: Pediatrics | B10: 9116.5364 | C10: 5014.0943 | D10: 14 | E10: =C10/B10 -> 0.54999992
A11: Medicare | B11: 10214.336 | C11: 6639.3188 | D11: 222 | E11: =C11/B11 -> 0.65000004
A12: Cardiology | B12: 11399.125 | C12: 7409.4319 | D12: 31 | E12: =C12/B12 -> 0.65000003
A13: Emergency | B13: 10306.471 | C13: 6699.2065 | D13: 49 | E13: =C13/B13 -> 0.65000006
A14: General Surgery | B14: 10101.928 | C14: 6566.2533 | D14: 33 | E14: =C14/B14 -> 0.65
A15: Oncology | B15: 10394.83 | C15: 6756.6398 | D15: 42 | E15: =C15/B15 -> 0.65000004
... A31: Pediatrics | B31: 11602.056 | C31: 2900.5138 | D31: 8 | E31: =C31/B31 -> 0.24999997
A32: Grand Total | B32: 10060.076 | C32: 6677.5797 | D32: 600 | E32: =C32 / B32 -> 0.66377028

Sheet Margin Model
A1: Department | B1: Payer Type | C1: Encounters | D1: Avg Charge | E1: Avg Reimb | F1: Cost/Encounter | G1: Net Revenue | H1: Operating Cost | I1: Operating margin (%)
A2: Cardiology | B2: Medicaid | C2: 17 | D2: 10233.16 | E2: 5628.24 | F2: =VLOOKUP(A2, 'Cost Assumptions'!$A$2:$B$7, 2, FALSE) -> 3200 | G2: =E2 * C2 -> 95680.08 | H2: =F2 * C2 -> 54400 | I2: =(G2 - H2) / G2 -> 0.4314386
A3: Cardiology | B3: Medicare | C3: 31 | D3: 11399.13 | E3: 7409.43 | F3: =VLOOKUP(A3, 'Cost Assumptions'!$A$2:$B$7, 2, FALSE) -> 3200 | G3: =E3 * C3 -> 229692.33 | H3: =F3 * C3 -> 99200 | I3: =(G3 - H3) / G3 -> 0.56811793
A4: Cardiology | B4: Private Insurance | C4: 38 | D4: 10212.2 | E4: 8680.37 | F4: =VLOOKUP(A4, 'Cost Assumptions'!$A$2:$B$7, 2, FALSE) -> 3200 | G4: =E4 * C4 -> 329854.06 | H4: =F4 * C4 -> 121600 | I4: =(G4 - H4) / G4 -> 0.63135212
A5: Cardiology | B5: Self-Pay | C5: 14 | D5: 9360.29 | E5: 2340.07 | F5: =VLOOKUP(A5, 'Cost Assumptions'!$A$2:$B$7, 2, FALSE) -> 3200 | G5: =E5 * C5 -> 32760.98 | H5: =F5 * C5 -> 44800 | I5: =(G5 - H5) / G5 -> -0.36748046
A6: Emergency | B6: Medicaid | C6: 16 | D6: 9981.74 | E6: 5489.96 | F6: =VLOOKUP(A6, 'Cost Assumptions'!$A$2:$B$7, 2, FALSE) -> 1500 | G6: =E6 * C6 -> 87839.36 | H6: =F6 * C6 -> 24000 | I6: =(G6 - H6) / G6 -> 0.72677397
A7: Emergency | B7: Medicare | C7: 49 | D7: 10306.47 | E7: 6699.21 | F7: =VLOOKUP(A7, 'Cost Assumptions'!$A$2:$B$7, 2, FALSE) -> 1500 | G7: =E7 * C7 -> 328261.29 | H7: =F7 * C7 -> 73500 | I7: =(G7 - H7) / G7 -> 0.776093
A8: Emergency | B8: Private Insurance | C8: 29 | D8: 9872.97 | E8: 8392.02 | F8: =VLOOKUP(A8, 'Cost Assumptions'!$A$2:$B$7, 2, FALSE) -> 1500 | G8: =E8 * C8 -> 243368.58 | H8: =F8 * C8 -> 43500 | I8: =(G8 - H8) / G8 -> 0.82125877
A9: Emergency | B9: Self-Pay | C9: 6 | D9: 11226.42 | E9: 2806.61 | F9: =VLOOKUP(A9, 'Cost Assumptions'!$A$2:$B$7, 2, FALSE) -> 1500 | G9: =E9 * C9 -> 16839.66 | H9: =F9 * C9 -> 9000 | I9: =(G9 - H9) / G9 -> 0.4655474
A10: General Surgery | B10: Medicaid | C10: 18 | D10: 9444.02 | E10: 5194.21 | F10: =VLOOKUP(A10, 'Cost Assumptions'!$A$2:$B$7, 2, FALSE) -> 4800 | G10: =E10 * C10 -> 93495.78 | H10: =F10 * C10 -> 86400 | I10: =(G10 - H10) / G10 -> 0.075894121
A11: General Surgery | B11: Medicare | C11: 33 | D11: 10101.93 | E11: 6566.25 | F11: =VLOOKUP(A11, 'Cost Assumptions'!$A$2:$B$7, 2, FALSE) -> 4800 | G11: =E11 * C11 -> 216686.25 | H11: =F11 * C11 -> 158400 | I11: =(G11 - H11) / G11 -> 0.26898915
A12: General Surgery | B12: Private Insurance | C12: 37 | D12: 10061.83 | E12: 8552.56 | F12: =VLOOKUP(A12, 'Cost Assumptions'!$A$2:$B$7, 2, FALSE) -> 4800 | G12: =E12 * C12 -> 316444.72 | H12: =F12 * C12 -> 177600 | I12: =(G12 - H12) / G12 -> 0.43876453
A13: General Surgery | B13: Self-Pay | C13: 12 | D13: 9899.64 | E13: 2474.91 | F13: =VLOOKUP(A13, 'Cost Assumptions'!$A$2:$B$7, 2, FALSE) -> 4800 | G13: =E13 * C13 -> 29698.92 | H13: =F13 * C13 -> 57600 | I13: =(G13 - H13) / G13 -> -0.93946447
... A25: Pediatrics | B25: Self-Pay | C25: 8 | D25: 11602.06 | E25: 2900.51 | F25: =VLOOKUP(A25, 'Cost Assumptions'!$A$2:$B$7, 2, FALSE) -> 2200 | G25: =E25 * C25 -> 23204.08 | H25: =F25 * C25 -> 17600 | I25: =(G25 - H25) / G25 -> 0.2415127
A26: Total | C26: =SUM(C2:C25) -> 600 | G26: =SUM(G2:G25) -> 4006547.7 | H26: =SUM(H2:H25) -> 2010000 | I26: =(G26 - H26) / G26 -> 0.4983212
